title,body,collections
འབྲུག་པ་བཀའ་བརྒྱུད་,འབྲུག་པ་བཀའ་བརྒྱུད་དམ། གླིང་རས་བཀའ་བརྒྱུད་ནི། ཕག་གྲུའི་དངོས་སློབ་གླིང་རས་པད་མ་རྡོ་རྗེ་དེ་ཉིད་ས་སྤྲེལ་སྤྱི་ལོ་ ༡༡༢༨ ལོར་སྐུ་བལྟམས། སོ་བརྒྱད་ལ་ཕག་གྲུའི་ཞབས་ལ་གཏུགས། དེའི་སློབ་མ་འགྲོ་མགོན་གཙང་པ་རྒྱ་རས་ཀྱིས་སྟོད་ལུང་གནམ་འབྲུག་གི་གནས་སུ་སྤྱི་ལོ་ ༡༡༩༣ ལོར་དགོན་གནས་ཕྱག་བཏབ། དེ་དུས་གནམ་ནས་འབྲུག་ལན་བདུན་གྲགས་པས་གནས་དང་ཆོས་བརྒྱུད་ལ་འབྲུག་པ་བཀའ་བརྒྱུད་ཅེས་པའི་མཚན་གྲགས་པ་བྱུང་། དེ་ཉིད་དགུང་གྲངས་ ༦༡ བར་འཚོ་བཞུགས་མཛད་དེ། དབྱར་ཟླ་ར་བའི་ ༥ ཚེས་ ༢༨ ལ་དགོངས་པ་ཆོས་དབྱིངས་སུ་ཐིམས་སོ། ,[]
གཡའ་བཟང་བཀའ་བརྒྱུད་,གཡའ་བཟང་བཀའ་བརྒྱུད་ནི། ཟྭ་ར་བ་སྐལ་ལྡན་ཡེ་ཤེས་དེ་ཉིད་མེ་འབྲུག་སྤྱི་ལོ་ ༡༡༣༦ ལོར་སྐུ་བལྟམས། ཉེར་གསུམ་ས་སྟག་སྤྱི་ལོ་ ༡༡༥༨ ལོར་སེང་གཡའ་བཟང་དགོན་པ་ཕྱག་བཏབ་པ་ནས་གཡའ་བཟང་བཀའ་བརྒྱུད་ཅེས་གྲགས། དགུང་གྲངས་དོན་གཉིས་པ་མེ་ཡོས་སྤྱི་ལོ་ ༡༢༠༧ ལོར་དགོངས་པ་གཞན་དོན་དུ་གཤེགས་སོ།། ,
བླ་བརྡོལ,བླ་བཅོལ་གྱི་བརྡ་རྙིང་།  sleeptalking
“ངག་སྤྱི་བརྡོལ་སྨྱོས་པའི་མི་ལྟར་ངག་གིས་བླ་བརྡོལ་སྣ་ཚོགས་སྨྲ”

'Jig-rten-mgon-po Bka'-'bum (2001) V 297.1.,['BwmEvCb5Pb8SoMayLqWS']
འབྲི་ཐེལ་,འབྲི་ཐེལ་ནི་འབྲི་གུང་བཀའ་བརྒྱུད་ཀྱི་གདན་ས་གཞི་མ་བྱང་ཆུབ་གླིང་གནས་ས་དེ་ལའོ། དེའང་དགོན་གནས་རི་གཟར་པོའི་ངོས་སུ་ས་ཆ་ཐེལ་ཐེལ་སྡིངས་སྡིངས་ཡོད་སར་གནས་པས་འབྲི་ཐེལ་ཞེས་གྲགས་པ་ཡིན། ཚིག་མཛོད་གཞན་དུ་འབྲི་མཐིལ་ཞེས་བྲིས་པ་མ་དག་པ་ཡིན། ཕག་གྲུ་གདན་ས་ཐེལ་ཡང་དག་ཆ་ཐེལ་རང་འབྲི་དགོས་པ་ཡིན།,
འཁང,“ཁ་རྗེ་ཕྱ་ལ་མི་འཁང་།་བསོད་ནམས་ལྷ་ལ་མི་སྨོན”

Source:  'Jig-rten-mgon-po Bka'-'bum (2001) VI 142.5.,['BwmEvCb5Pb8SoMayLqWS']
ཤངས་པ་བཀའ་བརྒྱུད་,ཤངས་པ་བཀའ་བརྒྱུད་ནི་མཁས་གྲུབ་ཁྱུངས་པོ་རྣལ་འབྱོར་དེ་ཉིད་རྒྱ་གར་དུ་བྱོན་ནས་བླ་མ་གཙོ་བོ་མཁའ་འགྲོ་སུ་ཁ་སི་དྷི་བསྟེན་ནས། ཤངས་ཞང་གཞུང་རྡོ་རྗེ་གདན་གྱི་དགོན་གནས་དེ་སྤྱི་ལོའི་དུས་རབས་ ༡༡ པའི་ནང་ཕྱག་བཏབ་ནས་ཤངས་པ་བཀའ་བརྒྱུད་ཅེས་ཡོངས་སུ་གྲགས། དེའི་ཆོས་སྐོར་གཙོ་བོ་ཁག་གདམས་ངག་ནང་དུ་བཞུགས་ཡོད། ,
འབྲུལ་བ,ཇི་ལྟར་ཤིང་ཐོག་འབྲུལ་(ལྷུང་)བ་ལྟར

Source: 'Jig-rten-mgon-po Bka'-'bum (2001) IV 404.2,['BwmEvCb5Pb8SoMayLqWS']
བདོ་བ,དར་བའམ་འཕེལ་བའམ་ཡོད་པའི་དོན།
“ལས་ཐམས་ཅད་འགྲུབ་པ་བདོ་བ་ཡིན་ནོ”

Source: 'Jig-rten-mgon-po Bka'-'bum (2001) IV 225.4.,['BwmEvCb5Pb8SoMayLqWS']
འཕོང,འཕོང་དང་གྲི་སྐོར་མཁན་འཐབ་པ་ལྟ་བུར་མ་ཡེངས་པ

Source: . 'Jig-rten-mgon-po Bka'-'bum (2001) IV 225.5.,['BwmEvCb5Pb8SoMayLqWS']
འཆེལ་བ,ཞེན་པ་དང་འཆད་པའི་བརྡ་རྙིང་།

Source: Btsan-lha. 'Jig-rten-mgon-po Bka'-'bum (2001) IV 292.2,['BwmEvCb5Pb8SoMayLqWS']
འབམ་ཐང,?

དེ་ཡང་འབམ་ཐང་ཡ་གི་ལ་དགེ་བཤེས་མར་པས་སྦར་བ་གང་ཡིན་ཞུས་པ་ལ་་་་

Source: Bka'-'bum (2001) V 433.4.,['BwmEvCb5Pb8SoMayLqWS']
﻿བོར་རལ,Referring to the pothatches (big division of wealth) by Gnas-nang-pa

Source: "'Jig-rten-mgon-po Bka'-'bum (2001) IV 67.5 ff."
,['tVYw86ibgMf6zbjh9ean']
བཙས,བདས་པའམ་རློན་པ་བྱས་པ། “

Source: ". 'Jig-rten-mgon-po Bka'-'bum (2001) IV 99.3."
,['tVYw86ibgMf6zbjh9ean']
མར་པ་བཀའ་བརྒྱུད་,མར་པ་བཀའ་བརྒྱུད་ནི། མངའ་བདག་མར་པ་ལོ་ཙཱ་དེ་ཉིད་ལྷོ་བྲག་ཏུ་(༡༠༡༢-༡༠༩༧) འཁྲུངས་ནས་རྒྱ་གར་དུ་ལན་གསུམ་བྱོན་ཏེ། བླ་མ་གཙོ་བོ་དཔལ་ལྡན་ནཱ་རོ་པ་དང་། མཻ་ཏྲི་པ་གཉིས་བསྟེན་པར་མཛད་དེ་བཀའ་བབ་ཀྱི་ཆོས་རྒྱ་མཚོ་ལྟར་ཟབ་ཅིང་རྒྱ་ཆེ་བ་ཞུས་ནས་བོད་ལ་བསྒྱུར་སྤེལ་མཛད་པར་བཀའ་བརྒྱུད་པའི་ཆོས་བརྒྱུད་ཀྱི་སྲོལ་གཏོད་པར་མཛད། སྤྱི་ལོ་ 1077 ལོར་ལྷོ་བྲག་གྲོ་བོ་ལུང་ལ་དགོན་པ་བཏབ་ནས་མར་པ་བཀའ་བརྒྱུད་ཅེས་ཡོངས་སུ་གྲགས་སོ།། ,
མཻ་ཏྲི་པ་,མངའ་བདག་མཻ་ཏྲི་པ་ནི། རྒྱལ་རིགས་ལས་ཡུལ་དབུས་སུ་ཤིང་ཁྱི་སྤྱི་ལོ་ ༩༧༤ ལོར་སྐུ་འཁྲུངས་ཤིང་། དགུང་གྲངས་དགུའི་ཐོག་ཕྱི་རོལ་པའི་གྲུབ་མཐའ་ལ་སྦྱང་པ་མཛད་དེ། ནཱ་རོ་པ་དང་བརྩད་པས་ཕམ་ནས་སློབ་མར་གྱུར། བདེ་དགྱེས་སོགས་དབང་ཞུས་པའི་གསང་མཚན་དུ་བཛྲ་ར་ག་དང་། ཨ་ཝ་དྷུ་ཏི་གསོལ། ཤནྟི་པ་ལས་རབ་ཏུ་བྱུང་ནས་མཚན་ལ་མཻ་ཏྲི་པ་ཞེས་གསོལ། བི་ཀྲ་མ་ཤཱི་ལར་བཞུགས་སྐབས། རྡོ་རྗེ་རྣལ་འབྱོར་མའི་དམ་རྫས་ལ་ཆང་དགོས་པས། ཆང་འཁུར་བ་ལ་ཇོ་བོ་རྗེས་གནས་དབྱུང་བཏང་བར། འགྲོ་མི་ཉན་གསུངས་ཏེ་རྩིགས་པ་ལ་ཟངས་ཐལ་དུ་བཞུད་པ་སོགས་རྫུ་འཕྲུལ་འགའ་བསྟན་ནས་ལྷོ་ཕྱོགས་དལ་གྱི་རི་ལ་བྱོན། ཤྭ་བ་རི་པས་རྗེས་སུ་བཟུང་ནས་དབང་བསྐུར། ཕྱག་རྒྱ་ཆེན་པོ་གདམས་པ་གནང་ནས་དོན་དམ་གྱི་ཡེ་ཤེས་གཟིགས། མ་གྷ་དྷའི་རྒྱལ་པོས་བཏུད་དེ་རྡོ་རྗེ་གདན་སྐྱོང་བའི་མངའ་གསོལ་པས། མངའ་བདག་མཻ་ཏྲི་པ་གུཔྟ་ཞེས་ཡོངས་སུ་གྲགས། རི་བོ་མེ་འབར་གྱི་དགོན་པར་བཞུགས་ནས་ཡིད་ལ་མི་བྱེད་པའི་ཆོས་སྐོར་ཉི་ཤུ་རྩ་བཞི་སོགས་ཕྱག་རྒ྄་ཆེན་པོ་རྒྱ་གཞུང་དག་མཛད། མཆོད་རྟེན་ཞིག་གི་སེར་ཀ་ནས་འོད་འཕྲོས་པའི་རྐྱེན་བྱས་ཏེ། རྒྱུུད་བླ་མ་དང་། ཆོད་ཉིད་རྣམ་འབྱེད་གཉིས་གཏེར་ནས་བཞེས། དགུང་གྲངས་ ༧༨ པ་ལྕགས་ཡོས་ ༡༠༥༡ ཨོ་རྒྱན་གྱི་ཡུལ་དུ་མཁའ་འགྲོ་མ་རྣམས་དབང་དུ་བསྡུས་ཏེ་བདེ་བར་གཤེགས་སོ།།,
བྲེ་བོ,“བླ་མ་ཡང་ཅི་ཡིན་ཆ་མེད་བྲེ་བོ་ཞིག་བསྒོམས་པས་མི་འོང་སྟེ”

Source: ". 'Jig-rten-mgon-po Bka'-'bum (2001) VI 71.4." 
,['tVYw86ibgMf6zbjh9ean']
འུར་འདེད,རེས་འུར་འདེད་དུ་བཤད་།་རེས་ནོར་བསྒྲུབ་ཏུ་བཤད

Source: 'Jig-rten-mgon-po Bka'-'bum (2001) VI 220.5. Used several times in Ibid. V 439.,['BwmEvCb5Pb8SoMayLqWS']
ཆུ་རྩ,"For dye for monastic robes

Source:  in Khams a similar dye plant is called la chu'i rtsa ba.""'Jig-rten-mgon-po Bka'-'bum (2001) IV 130.1."
,['tVYw86ibgMf6zbjh9ean']
ཨར་ཛ་ཀ,“ཨརྫ་ཀའི་དོག་པ་ལྟར་ཚལ་པ་དགུར་གས་པ་ལ”

Source:  'Jig-rten-mgon-po Bka'-'bum (2001) X 116.1.,['BwmEvCb5Pb8SoMayLqWS']
བཀའ་བརྒྱུད་ཆུང་བརྒྱད་,བཀའ་བརྒྱུད་ཆུང་བརྒྱད་ནི། འཇམ་མགོན་ཀོང་སྤྲུལ་ཡོན་ཏན་རྒྱ་མཚོའི་ཆོས་འབྱུང་ལས། ཕག་གྲུའི་སློབ་མ་འབྲི་སྟག་ཁྲོ་གླིང་པ། སྨ་ཡེར་གཡའ་ཤུག་ཟུང་བཞི་ཡ་བརྒྱད་དོ། ཞེས་གསུང་པས། དྭགས་པོ་བཀའ་བརྒྱུད་ཀྱི་བུ་ཆེན་ཆེ་བཞིའི་ཡ་གྱལ་འགྲོ་མགོན་ཕག་མོ་གྲུ་པའི་བརྒྱུད་འཛིན་ཡ་བརྒྱད་དེ། འབྲི་གུང་༧སྐྱོབ་པ་འཇིག་རྟེན་གསུམ་མགོན་ལས་འབྲི་གུང་བཀའ་བརྒྱུད་དག་། སྟག་ལུང་ཐང་པ་བཀྲ་ཤིས་དཔལ་ལས་སྟག་ལུང་བཀའ་བརྒྱུད། གླིང་རས་པདྨ་རྡོ་རྗེ་ལས་གླིང་རས་བཀའ་བརྒྱུད་དམ། འབྲུག་པ་བཀའ་བརྒྱུད། སྨར་པ་ཤེས་རབ་སེང་གེ་ལས་སྨར་པ་བཀའ་བརྒྱུད། ཡེལ་པ་ཡེ་ཤེས་རྩེགས་པ་ལས་ཡེལ་པ་བཀའ་བརྒྱུད། ཟྭ་ར་བ་སྐལ་ལྡན་ཡེ་ཤེས་ལས་གཡའ་ཟངས་བཀའ་བརྒྱུད། གྱེར་གོམ་ཚུལ་ཁྲིམས་སེང་གེ་ལས་ཤུག་གསེབ་བཀའ་བརྒྱུད་བཅས་ཟུང་དུ་བརྩི་ན་བཞི་དང་། ཡ་རུ་བརྩི་ན་བརྒྱད་དོ། ཞེས་གསུངས་སོ།།,[]
ཀཾ་ཚང་བཀའ་བརྒྱུད་,ཀམ་ཚང་བཀའ་བརྒྱུད་ནི། ཀརྨ་པ་དུས་གསུམ་མཁྱེན་པ་དེ་ཉིད་མདོ་ཁམས་ཏྲེ་ཤོད་དུ་ཆུ་ལྷ་ལྡོང་དཀར་གྱི་རིགས་རུས་ལས། ཡབ་རྡོ་རྗེ་མགོན་པོ་དང་།བཡུམ་ལྷ་ཐོག་བཟའ་གཉིས་སུ་ལྕགས་སྟག་ སྤྱི་ལོ་ ༡༡༡༠ ལོར་སྐུ་བལྟམསམ སོ་བརྒྱད་ལ་ཁམས་ཀམ་་པོ་གནས་ནང་དུ་ལྷ་སྟེང་དགོན་པ་ཕྱག་བཏབ་ནས་ཀཾ་ཚང་བཀའ་བརྒྱུད་ཅེས་ཡོངས་སུ་གྲགས་། གནས་ལས་དྲངས་པ་བླ་མའི་ཚན་ལ་ཡང་གནས་ནང་པ་ཞེས་ལོ་རྒྱུས་ཁག་ནང་གསལ།  ཕྱིས་སྤྱི་ལོ་ ༡༡༨༩  ལོར་སྟོད་ལུང་ཚུལ་ཕུའི་ནངདགོན་གནས་ཕྱག་བཏབ་པ་ནས་ཀརྨ་བཀའ་བརྒྱུད་ཅེས་ཡོངས་སུ་གྲགས་པ་བྱུང་། མཐར་དགུང་གྲངས་༨༤ པ། ཆུ་གླང་སྤྱི་ལོ་ ༡༡༩༣ ལོའི་དཔྱིད་ཟླ་ར་བ་ ༢ ཚེས་ ༣ ལ་དགོངས་པ་ཆོས་དབྱིངས་སུ་གཤེགས་སོ།།,[]
ཕག་གྲུ་བཀའ་བརྒྱུད་,ཕག་གྲུ་བཀའ་བརྒྱུད་ནི། ཕག་གྲུ་རྡོ་རྗེ་རྒྱལ་པོ་དེ་ཉིད་མདོ་ཁམས་སྡེ་དགེ་རྨེ་ཤོད་དུ་ཡབ་ཝེ་ན་ཨ་ཐར་དང་། ཡུམ་བཙུན་ནེ་གཉིས་ཀྱི་སྲས་སུ་ལྕགས་སྟག་སྤྱི་ལོ་༡༡༡༠ ལོར་སྐུ་བལྟམས། དགུང་ལོ་དགུ་ལ་བྱ་ཁྱི་ལྷ་ཁང་དུ་ཆོས་སྒོར་ཞུགས། བཅོ་བརྒྱད་ལ་སྟོད་ལུང་རྒྱ་དམར་བའི་དྲུང་ནས་དབུ་མ་དང་ཚད་མ། ཕྱྭ་པ་ཆོས་སེང་ལས་ཚད་མ་སོགས་ཞར་ཆོས་དག་གསན་ནས་གསང་ཕུར་བྱོན། ཉེར་ལྔ་ལ་ཟུལ་ཕུ་བྱ་འདུལ་གྱི་དྲུང་ནས་བསྙེན་པར་རྫོགས། དཔལ་རྒ་ལོ་ལས་བདེ་མཆོག་དང་མགོན་པོ། ས་ཆེན་ལས་ལམ་འབྲས་སོགས་གསན། ཉེར་དགུར་ལ་རྗེ་སྒམཔོ་པ་དང་མཇལ་ནས་ཕྱག་རྒྱ་ཆེན་པོའི་་ཁྲིད་བཏབ་ནས་རྟོགས་པ་མངོན་དུ་གྱུར། ཞེ་དགུ་ས་སྟག་ ༡༡༧༠ ལོར་་ལྷོ་ཁ་ཟངས་རི་ཤང་གི་ཁོངས་སུ་ཕག་གྲུ་གདན་ས་ཐེལ་དགོན་ཀུན་ཏུ་བཟང་པོའི་ནགས་ཁྲོད་ཅེས་པ་ཕྱག་བཏབ་པ་ནས་བཟུང་ཕག་གྲུ་བཀའ་བརྒྱུད་ཅེས་ཡོངས་སུ་གྲགས། ལོ་བཅུ་གཉིས་ཀྱི་རིང་སློབ་ཚོགས་བསྐྱངས་ནས་སྨིན་གྲོལ་བཀོད། མཐར་དགུང་གྲངས་ ༦༡ པ་ས་སྟག་སྤྱི་ལོ་ ༡༡༧༠ ལོའི་སྟོན་ཟླ་ར་བའི་ ༨ ཚེས ༢༥ ལ་མྱ་ངན་ལས་འདས་སོ།། ,[]
བཀའ་བརྒྱུད་,༧རྒྱལ་དབང་རྡོ་རྗེ་འཆང་ནས་ཏཻ་ལོ་པ་དང་། ནཱ་རོ་པ་སོགས་ལས་བཀའ་བབས་བཞི་གཙོ་བོར་གྱུར་པའི་ཆོས་བཀའ་རྣམས་མངའ་བདག་མར་པས་གསན་ནས་བོད་དུ་བསྒྱུར་མཛད་པ་ལ་བཀའ་བརྒྱུད་པ་ཞེས་གྲགས་སོ།།,
འབའ་རོམ་བཀའ་བརྒྱུད་,འབལ་རོམ་བཀའ་བརྒྱུད་ནི། འབའ་རོམ་དར་མ་དབང་ཕྱུག་དེ་ཉིད། གདུང་ཆོས་རྒྱལ་ཁྲི་སྲོང་སྡེ་བཙན་གྱི་བློན་ཆེན་བྲན་ཀ་དཔལ་ཡོན་གྱི་རིགས་ལས། འཕན་ཡུལ་ཀ་བ་ཡུལ་སྣར་ཡབ་འབྱུང་གནས་དང་། ཡུམ་ཇོ་མོ་ལོ་ཆུང་གཉིས་ཀྱི་སྲས་སུ། མེ་ལུག་སྤྱི་ལོ་ ༡༡༢༠ ? ༡༡༢༧ ལོར་ལོར་སུམ་པའི་ཡུལ་གྱི་ཆ། གནག་ཆུའི་ཁུལ་དུ་སྐུ་བལྟམས། ཉེར་གཅིག་ལ་རྗེ་སྒམ་པོ་པ་དང་མཇལ། ཉེར་བརྒྱད་ལ་བླ་མའི་ལུང་བསྟན་ལྟར་བྱང་འབའ་རོམ་དུ་དགོན་པ་བཏབ་པ་ནས་བཟུང་འབའ་རོམ་བཀའ་བརྒྱུད་ཅེས་གྲགས་པ་བྱུང་། མཐར་དགུང་གྲངས་དོན་གསུམ་པ་ས་ལུག་སྤྱི་ལོ་ ༡༡༩༩ ལོར་དགོངས་པ་མྱ་ངན་ལས་འདས་སོ།།,
འབྲི་གུང་,འབྲི་ནི་བོད་ཀྱི་རུས་མིང་ཞིག་སྟེ། གནམ་རི་སྲོང་བཙན་གྱི་བཙུན་མོའི་མཚན་ལ་འབྲི་མ་ཐོད་དང་། སྲོང་བཙན་སྒམ་པོའི་བློན་པོའི་མིང་ལ་འབྲི་བསེ་རུ་གུང་ཐུན་ཞེས་སོགས་བྱུང་བ་ལྟར། འབྲི་གུང་ཞེས་པའི་ས་མིང་དེ་རུས་མིང་ལས་མིང་ལས་ཆགས་པ་ཞིག་ཡིན། དེ་ལྷ་ས་སྐྱིད་ཆུ་གྱེན་དེད་དེ་སོང་ན་གཞུ་རོང་གཙང་པོ་དང་། རླུང་ཤོད་གཙང་པོ་གཉིས་སོ་སོར་གྱེས་སའི་ཁུལ་དེ་ནི་ཨུར་སྟོད་འབྲི་གུང་ཞེས་ལོ་རྒྱུས་ནང་ཡོངས་སུ་གྲགས་དེ་ཡིན། ཁུལ་དེ་དེང་སང་མལ་གྲོ་གུང་དཀར་རྫོང་ཁོངས་ཉི་མ་ལྕང་ར་ཆུས་དང་། རྨམ་པ་ཆུས།  རྩ་ཞོལ་ཆུས་ཞེས་གྲགས་པའི་ས་ཁུལ་དག་གོ །།,
བཤད་བཤུད,“མང་པོའི་བཤད་བཤུད་ཅི་ཞིག་འཚལ”

Source: " 'Jig-rten-mgon-po Bka'-'bum IV 442.3."
,['tVYw86ibgMf6zbjh9ean']
བརྟས་པ,རྒྱས་པ། “རྣམ་པར་ཐར་པའི་རྗེས་འཇུག་པའི་༎་བརྟས་པར་གྱུར་པའི་ཐབས་འདི་བརྩམ”

Source: "'Jig-rten-mgon-po Bka'-'bum IV 453.2."
,['tVYw86ibgMf6zbjh9ean']
བཙོད,Madder Used for a red dye

Source: "'Jig-rten-mgon-po Bka'-'bum (2001) IV 134.5."
,['tVYw86ibgMf6zbjh9ean']
བཀོད་མའི་ཆུ,དཔེར་ན་རི་རྩེའི་བཀོད་མ་ནི་༎་ཆུ་བསིལ་གང་ཞིང་ཁྱབ་པ་ལྟར

Source: 'Jig-rten-mgon-po Bka'-'bum (2001) IV 34.2.,['BwmEvCb5Pb8SoMayLqWS']
འཕྲིག་པ,“རྟགས་སྤྱི་བོ་ཟ་བ་དང་འཕྲིག་པ་༼་འཕར་བ་༽་དང་།་འགུལ་བ་དང་་་་་་”

Source: 'Jig-rten-mgon-po Bka'-'bum (2001) VI 64.1.,['BwmEvCb5Pb8SoMayLqWS']
བུད་སྨད,“འཁྲུག་དཔོན་བུད་སྨད་ཅན་དུ་འགྱུར”  “སངས་རྒྱས་སྐྱོང་ངམ་བུད་སྨད་སྐྱོང”

Source: "Jig-rten-mgon-po Bka'-'bum (2001) IV 251.2  Ibid. IV 399.4."
,['tVYw86ibgMf6zbjh9ean']
བཀྲེན,“བཀྲེན་ལ་བརྩེ་དང་མ་རུངས་རྣམས་ལ་བརྩེ་༎་རྐུ་འཕྲོག་ལ་བརྩེ་བག་མེད་པ་ལ་བརྩེ”

Source: . 'Jig-rten-mgon-po Bka'-'bum (2001) VI 56.3.,['BwmEvCb5Pb8SoMayLqWS']
བཅུམ་པ,“ཁྲས་བྱིའུ་བཅུམ་པའི་ཉམས་རྩལ་དང་ཁྱད་མེད”

Source: 'Jig-rten-mgon-po Bka'-'bum (2001) IV 331.1,['BwmEvCb5Pb8SoMayLqWS']
ཆ་མ་ཆོ་དགུ,all kinds of.' “ཝ་མོ་ཞུང་གིས་སྐད་རིགས་ཆོ་མ་ཆོ་དགུ་།་ཇི་ལྟར་ཟུགས་ཀྱང”

Source: "'Jig-rten-mgon-po Bka'-'bum (2001) IV 561.3."
,['tVYw86ibgMf6zbjh9ean']
འཛིན་ཁྲི,“འཁོར་བའི་རྒྱ་མཚོ་སྡུག་བསྔལ་ཆུ་སྲིན་འཛིན་ཁྲིས་གང་བ་ལས”

Source: 'Jig-rten-mgon-po Bka'-'bum (2001) IV 69.3.,['BwmEvCb5Pb8SoMayLqWS']
ཆ་ལ,ཕྱོགས་གཅིག་པ། “ཚོགས་སུ་ཆ་ལ་༼་མཉམ་དུ་༽་བསྒོམ”

Source: "'Jig-rten-mgon-po Bka'-'bum (2001) IV 222.2."
,['tVYw86ibgMf6zbjh9ean']
མི་ལ་རས་པ་,མི་ལ་རྡོ་རྗེ་རྒྱལ་མཚན་ནི་གདུང་ཁྱུང་པོ། ཡབ་ཤེས་རབ་རྒྱལ་མཚན་དང་། ཡུམ་མྱང་ཚ་དཀར་རྒྱལ་གཉིས་སུ་བོད་ལྷོ་ཕྱོགས་ཡུལ་གུང་ཐང་སྐྱ་རྔ་ཙར་ལྕགས་འབྲུག་སྤྱི་ལོ་ ༡༠༤༠ སྐུ་འཁྲུངས། ཆུང་དུས་ཨ་ཁུ་དང་ཨ་ཎེས་མ་བུ་གཉིས་ལ་སྡུག་སྡང་བཏང་དྲག་ནས་མ་ཟོད་པར་མཐུ་བསླབས་ནས་ཕ་རོལ་པོའི་ཁང་པ་ཐོག་བརྡིབས་བཏང་ནས་མི་བསད་ཀྱི་སྡིགས་པ་བསགས་པར་འགྱོད་དེ། དགུང་ལོ་སོར་དགུར་མངའ་བདག་མར་པ་ལོ་རྩ་དང་མཇལ་ནས་ཆོས་སྒོར་ཞུགས། སྲས་མཁར་དགུ་ཐོག་རྩིགས་བཅུག་ནས་སྡིག་སྒྲིབ་ཐམས་ཅད་དག་ཏུ་བཅུག །བདེ་དགྱེས་གསང་གསུམ། མ་ཧཱ་མཱ་ཡཱ་དང་། སངས་རྒྱས་ཐོད་པ། གདན་བཞི་སོགས་ཀྱི་དབང་ལུང་རྒྱུད་གསུམ་གནང་ནས་ཐུགས་སྲས་བརྒྱུད་འཛིན་དུ་བྱིན་གྱིས་བརླབས། མཻ་ཏྲི་པའི་དབུ་ཞྭ་དང་། ནཱ་རོ་པའི་ན་བཟའ་རྣམས་གནང་ནས་གཡའ་རི་དང་གངས་རི་ལ་བསྒོམས་སུ་བཅུག དེ་སྙན་ངག་ལ་མཁས་པས་ཆོས་ཐམས་ཅད་སྙན་ངག་གི་ལམ་ནས་མགུར་དུ་ལེན་པར་མཛད་པ་དང་། སྐུ་ཚེ་དང་སྒྲུབ་པ་མཉམ་པའི་ཉམས་ལེན་མཐར་ཕྱིན་པ་མཛད་དེ། གངས་ཅན་སྒྲུབ་ཐོབ་ཡོངས་ཀྱི་གཙུག་གི་ནོར་བུ་ལྟ་བུར་གྱུར། མཐར་དགུང་གྲངས་གྱ་བཞི་པ། ཆུ་ཡོས་སྤྱི་ལོ་ ༡༡༢༣ ལོར་ཞི་བ་ཆེན་པོའི་དབྱིངས་སུ་གཤེགས་སོ།།,
འབའ་ཤང,རྨོངས་པ་ཁྱོད་ལ་ཅི་ཆ་ཡོད་༎་འབའ་ཤང་ཁྱོད་རང་ཁ་རོག་སྡོད

Source: 'Jig-rten-mgon-po Bka'-'bum (2001) IV 179.4.,['BwmEvCb5Pb8SoMayLqWS']
བཀའ་བརྒྱུད་ཟུང་བཞི་ཡ་བརྒྱད་,བཀའ་བརྒྱུད་ཟུང་བཞི་ཡ་བརྒྱད་ནི་འཇམ་མགོན་ཀོང་སྤྲུལ་ཡོན་ཏན་རྒྱ་མཚོའི་ཆོས་འབྱུང་ལས། ཕག་གྲུའི་སློབ་མ་འབྲི་སྟག་ཁྲོ་གླིང་དང་། །སྨ་ཡེལ་གཡའ་ཤུག་ཟུང་བཞི་ཡ་བརྒྱད་དོ། །ཞེས་བྱུང་ངོ་།།,
བྱ་ཞུ,feathered hat “བྱ་ཞུ་ཅན་གྱི་ཆོས་ནི་ས་ལེ་འོད”

Source: "'Jig-rten-mgon-po Bka'-'bum (2001) IV 186.1"
,['tVYw86ibgMf6zbjh9ean']
འབྲུམ,ནང་༼ནད་?༽་འབྲུམ་བུ་མེ་དབལ་ནག་པོའི་ནད་ཀྱིས་ཟིན་ནས་མ་ག་དྷའི་ས་ཕྱོགས་རྣག་དྲིས་ཁྱབ་པ་དང


Source:  'Jig-rten-mgon-po Bka'-'bum (2001) VI 73.3 [see also 188.3].,['BwmEvCb5Pb8SoMayLqWS']
སྟག་ལུང་བཀའ་བརྒྱུད་,སྟག་ལུང་བཀའ་བརྒྱུད་ནི། སྟག་ལུང་ཐང་པ་བཀྲ་ཤིས་དཔལ་དེ་ཉིད་ཆུ་ཁྱི་ ༡༡༤༢ ལོར་སྐུ་བལྟམས། ཉེར་བཞི་ལ་ཕག་གྲུའི་ཞབས་ལ་གཏུགས། སོ་དགུ་པ་ལྕགས་བྱི་ ༡༡༨༠ ལོར་ལྷ་སའི་བྱང་ཕྱོགས་སྟག་ལུང་དུ་དགོན་གནས་ཕྱག་བཏབ་པ་ནས་བཟུང་སྟག་ལུང་བཀའ་བརྒྱུད་ཅེས་གྲགས། དགུང་གྲངས་ ༦༩ ལྕགས་རྟ་སྤྱི་ལོ་ ༡༢༡༠ ལོའི་དགུན་མཐའ་འབྲིང་པོའི་ ༡༡ ཚེས་ ༡༩ ལ མྱ་ངན་ལས་འདས་སོ།། ,[]
འགྱེད་པ,ritual distribution of money in the monastery.

Source: 'Jig-rten-mgon-po Bka'-'bum (2001) V 301.5,['BwmEvCb5Pb8SoMayLqWS']
བྱ་རོག,བྱ་རོག་གཟིངས་འཕུར་གྱི་གདམས་ངག་ཡིན་ནོ

Source: "'Jig-rten-mgon-po Bka'-'bum (2001) X 123.5."
,['tVYw86ibgMf6zbjh9ean']
བྲེ་མོའི་གཏམ,ལོང་གཏམ། “བྲེ་མོའི་གཏམ་ལ་དགའ་ཞིང”

Source: "'Jig-rten-mgon-po Bka'-'bum (2001) IV 333.5."
,['tVYw86ibgMf6zbjh9ean']
བཀྲལ,“སློབ་དཔོན་ཡེ་ཤེས་སྙིང་པོ་ལ་སོགས་ཀྱིས་དབུ་མ་རང་རྒྱུད་དུ་བཀྲལ་།་ཟླ་བ་གྲགས་པ་ལ་སོགས་ཀྱིས་ཐལ་འགྱུར་དུ་བཀྲལ”

Source: 'Jig-rten-mgon-po Bka'-'bum (2001) X 108.3.,['BwmEvCb5Pb8SoMayLqWS']
བྲོ,མནའ། “འདིའི་དུས་སུ་མི་མཐུན་ཕྱོགས་ཀྱི་བྲོ་གཅོང་ཆེན་པོ་ཞིག་བྱུང་བའི་དུས་སུ་བླ་མའི་གདམ་ངག་དགོས་ཏེ”

Source: "'Jig-rten-mgon-po Bka'-'bum (2001) X 127.5."
,['tVYw86ibgMf6zbjh9ean']
ཡེལ་པ་བཀའ་བརྒྱུད་,ཡེལ་པ་བཀའ་བརྒྱུད་ནི་ཡེལཔ་ཡེ་ཤེས་བརྩེགས་པ་ཤིང་སྟག་སྤྱི་ལོ་ ༡༡༦༧ ལོར་སྐུ་བལྟམས། ཉེར་དགུ་ལ་ཕག་གྲུའི་ཞབས་ལ་གཏུགས། སོ་བརྒྱད་པ་ལྕགས་བྱི་སྤྱི་ལོ་ ༡༡༧༡ ལོར་ཁམས་སུ་ཡེལ་ཕུག་དགོན་པ་ཕྱག་བཏབ། ང་ལྔ་པ་ས་སྤྲེལ་ལ་རྟ་རྣ་དགོན་པ་བཏབ་པར་ཡེལ་པ་བཀའ་བརྒྱུད་ཅེས་གྲགས། དགུང་གྲངས་རེ་གཅིག་པ་སྤྱི་ལོ་ ༡༡༩༤ ལོ་དགོངས་པ་རྫོགས་སོ།། ,[]
ཨ་ཕྱི་,ཨ་ཕྱི་ཆོས་ཀྱི་སྒྲོལ་མ་ནི། དབུར་སྟོད་འབྲི་གུང་རེབ།མདོར་ལྟེ་ཁྲག་ཐང་ངམ་། ཏེ་ཁྲ་ཐང་ཞེས་པའི་སར་དུས་རབས་ ༡༠ ནང་འཁྲུངས་ཏེ། ཆུང་དུས་ནས་ཡབ་ཡུམ་གཉིས་གྲོང་ནས་དགུང་ལོ་བཅོ་ལྔའི་སྟེང་ངའི་འདུག་ཡུལ་འདི་མིན་ལྡན་སྟོད་ཁུལ་དུ་ཡིན་གསུངས་ནས་རྒྱ་ནག་ཕྱོགས་ནས་ཡོང་བའི་ཚོང་པ་དང་སྡེབས་ནས་ཁམས་སྐྱིད་དགུ་མདོ་དང་ཉེ་ས་ལྡན་སྟོད་ཀྱུ་ར་བྲག་ཏུ་ཕྱོགས་ཐོན་མཛད། དེར་ཀྱུ་རའི་གདུང་ཨ་མེས་ཚུལ་ཁྲིམས་རྒྱ་མཚོ་དང་གཉེན་སྒྲིགས་མཛད་དེ་རིགས་སྲུས་བཞི་འཁྲུངས། ཆུང་བདག་རྡོ་རྗེ་རྒྱལ་པོ་ལ་འབྲི་གུང་༧སྐྱོབ་པ་འཁྲུངས་པས་རྨོའོ་མོའི་མཚན་ནས་འབོད་པ་ཨ་ཕྱི་ཞེས་དང་། སྤོ་པོའི་མཚན་ནས་འབོད་པ་ཨ་མེས་ཞེས་ཀྱང་གྲགས་སོ།།,
ཏཻ་ལོ་ཤེས་རབ་བཟང་པོ་,༧རྒྱལ་དབང་རྡོ་རྗེ་འཆང་གཉིས་སུ་མེད་པའི་ཏཻ་ལོ་ཤེས་རབ་བཟང་པོ་ནི། རྒྱ་གར་ཤར་ཕྱོགས་ཟ་ཧོར་གྱི་ཡུལ་དེང་དུས་བྷང་ལ་སྡེ་གཞིའི་རྒྱལ་ཁབ་དང་འབར་མའི་ས་མཚམས་དང་ཉེ་སར་ནང་པའི་གྲོང་ཚོ་ཛྙ་གོ་ཞེས་པར་ཡབ་བྲམ་ཟེ་གསལ་བ་དང་། ཡུམ་བྲམ་ཟེ་གསལ་ལྡན་མ་གཉིས་སུ་སྤྱི་ལོ་ (༩༢༨-༡༠༣༣ ? 1009) འཁྲུངས། ཕྱག་རྒྱ་ཆེན་པོའི་རྟོགས་པ་མངོན་དུ་གྱུར་ནས་དོ་ཧཱ་རྡོ་རྗེའི་གླུ་བཞེངས་ནས་འགྲོ་དོན་མཛད། དངོས་སློ་ནཱ་རོ་པར་དཀའ་བ་འདྲ་མིན་ལོ་བཅུ་གཉིས་སྤྱད་མཐར་ཆུ་མོ་གངྒའི་འགྲམ་དུ་ཕྱག་ཆེན་གངྒ་མ་གསུངས་ནས་གྲོལ་བར་མཛད་དེ། ཕྱིས་སློབ་མ་ནཱ་རོ་པ་དེ་ཉིད་བྲི་ཀ་མ་ལ་ཤཱི་ལའི་གཙུག་ལག་སློབ་གྲྭ་ཆེན་མོའི་མདུན་ངོས་བྱང་སྒོ་སྲུང་བའི་མཁས་གྲུབ་གཉིས་ལྡན་དུ་གྱུར་ནས་དགུང་གྲངས་གྱ་གཉིས་པ་ས་བྱ་ ༡༠༠༩ ལོར་མཁའ་སྤྱོད་དུ་གཤེགས་སོ།།,
བརྣག་པ,བསམ་པ། “གནག་རྫི་དགའ་བོ་ཇི་བཞིན་དུ་༎་བར་ཆད་མེད་པར་བརྣག་པ་བསྐྱེད”

Source: "'Jig-rten-mgon-po Bka'-'bum (2001) IV 297.2."
,['tVYw86ibgMf6zbjh9ean']
འཕྱོར་པོ,“ཇི་ལྟར་བྱས་ཀྱང་འཕྱོར་པོའི་རྟ་བཞིན་དུ་།་འགྲོ་ན་འགྲོ་དབང་མེད་ལ”

Source: 	. 'Jig-rten-mgon-po Bka'-'bum (2001) IV 590.4.,['BwmEvCb5Pb8SoMayLqWS']
ཁྲོ་ཕུ་བཀའ་བརྒྱུད་,ཁྲོ་ཕུ་བཀའ་བརྒྱུད་ནི་རྒྱལ་ཚ་རིན་ཆེན་མགོན་ནི་ས་ཁྱི་སྤྱི་ལོ་ ༡༡༡༨ ལོར་སྐུ་བལྟམས། དགུང་ལོ་ང་བཞི་པ་ལྕགས་ཡོས་སྤྱི་ལོ་ ༡༡༧༡ ལོར་ཁྲོ་ཕུ་དགོན་གནས་ཕྱག་བཏབ་ནས་བཟུང་ཁྲོ་ཕུ་བཀའ་བརྒྱུད་ཅེས་གྲགས། དགུང་གྲངས་དོན་བརྒྱད་པ་ཤིང་ཡོས་སྤྱི་ལོ་ ༡༡༩༥ ལོར དགོངས་པ་གཞན་དོན་དུ་གཤེགས་སོ།། ,
འཁྲ་བ,“གདོན་དང་ནད་ལ་སོགས་པ་ཐམས་ཅད་གཉིད་ལ་འཁྲ་༼བརྟེན་པ་༽་བ་ཡིན་པས་གཉིད་སྤང་གསུངས”

Source: 'Jig-rten-mgon-po Bka'-'bum (2001) IV 222.4.,['BwmEvCb5Pb8SoMayLqWS']
སྨར་པ་བཀའ་བརྒྱུད་,སྨར་པ་བཀའ་བརྒྱུད་ནི་སྨར་པ་ཤེས་རབ་སེང་གེ་ནི་ཤིང་ཡོས་སྤྱི་ལོ ༡༡༣༥ ལོརའཁྲུངས། ཉེར་ལྔ་ལ ཕྒ་གྲུ་མཇལ། སོ་གསུམ་པ་མེ་ཕག་སྤྱི་ལོ་ ༡༡༦༧ ལོར་ཁམས་འདམ་སྟེང་དུ་་ཤྭ་བ་དགོན་གནས་ཕྱག་བཏབ་ནས་སྨར་པ་བཀའ་བརྒྱུད་ཅེས་གྲགས། དགུང་གྲངས་རེ་དགུ་པ་ཆུ་ཕག་སྤྱི་ལོ་ ༡༢༠༣ ལོར་དགོངས་པ་ཆོས་དབྱིངས་སུ་ཐིམ་མོ།། ,
བྱི་བོ,rapist

Source: "‘jig-rten-mgon-po Bka'-'bum (2001) VI 215.3."
,['tVYw86ibgMf6zbjh9ean']
ནཱ་རོ་པ་,ནཱ་རོ་ཡེ་ཤེས་དངོས་གྲུབ་ནི་རྒྱ་གར་བྱང་ཕྱོགས་ཁ་ཆེའི་ཡུལ་ཀ་ཤིསྨི་རྀའི་གྲོང་དུ་བྲམ་ཟེའི་རིགས་ནཱ་རོ་ཏཱ་པའི་རིགས་སུ་ཡབ་དགེ་བའི་གོ་ཆ་དང་། ཡུམ་དཔལ་གྱི་བློ་གྲོས་གཉིས་ཀྱི་སྲས་སུ། མེ་འབྲུག་ ༩༥༦ ལོར་འཁྲུངས། དེས་ཕྱི་ནང་རིག་པའི་ཆོས་ཐམས་ལ་མཁས་པར་གྱུར་ནས་དཔལ་ནཱ་ལནྡཱའི་དཔེ་མཛོད་དུ་ཕྱག་དཔེ་གཟིགས་ནས་ཡོད་དུས། རྒན་མོ་ཞིག་བྱུང་ནས་ཁྱོད་ཀྱིས་དེ་དོན་ཤེས་སམ་ཟེར་བར་ཤེས་བྱས་པས། རྒན་མོས་ཚིག་ཤེས་སམ། དོན་ཤེས་ཞེས་དྲིས་པར་ནཱ་རོ་པས་གཉིས་ཀ་ཤེས་གསུངས་པར། དེས་ཁྲོས་པ་ལྟར་བྱས་ནས་ཁྱོད་ཀྱིས་ཚིག་ཤེས་པ་ཙམ་ཡིན། དོན་ཤེས་མཁན་ཏཻ་ལོ་པ་ལས་མེད་ཟེར་ནས་ཡལ་སོང་བར། ནཱ་རོ་པ་ཐུགས་ཀློང་ཀློང་དུ་གྱུར་ནས་དེར་ཐམས་ཅད་བོར་ནས་རྒྱ་གར་བྱང་ཕྱོགས་ཀྱི་དུར་ཁྲོད་བདེ་ཆེན་སྟེང་གི་ཕུག་པར་བསྐྱོད་དེ། བདེ་མཆོག་གི་ཡི་གི་བདུན་མར་བསྙེན་པར་མཛད་དེ། འབྲུ་འབུམ་སོང་བ་དང་ས་གཡོས་འབྲུག་གྲགས། ཁྱོད་ཤར་ཕྱོགས་སུ་ཏཻ་ལོ་པ་འཚོལ་དུ་སོང་ཞེས་པའི་སྒྲ་བྱུང་བས། ཞབས་སེན་ས་ལ་མ་རེག་པར་བྱོན་པས་དེར་ཡོད་རྣམས་ཀྱིས་མཐོང་བས་བཟུང་ནས་མ་བཏང་། དེར་དབུ་སྐྲའི་ཐོར་གཙུག་གི་སེང་ནས་རྡོ་རྗེ་འཆང་གི་སྐུ་བརྙན་ཆུང་ངུ་ཞིག་གནང་ནས་ང་འདྲ་བའི་སྐུའི་ཐུགས་ཀར་ཞོགས་གསུངས་ནས་བྱོན། དེ་བཞིན་བྱས་པའི་མཇེམ་སྐུ་སྐུམ་ཁྲུ་གང་པ་དེ་ད་ལྟ་ལ་དྭགས་ཟངས་དཀར་དུར་ཁྲོད་བདེ་ཆེན་སྟེང་གི་ཉེ་ཁྲིད་ལྷོ་འབྲུག་སེ་ན་དགོན་པར་བཞུགས་ཤིང་། ལོ་རེའི་དྲུག་པ་ཚེས་བཞིར་མཇལ་ཁ་གཏོང་བར་བྱེད། སྐུ་འདུ་ཁང་དུ་བཞུགས་ཤིང་སྒོ་ལྕགས་ཀྱི་ལྡེ་མིག་ཡུལ་གྱི་འགོ་པས་ཉར་ཚགས་བྱེད་ནས་འདུག །དེ་བཞིན་དེ་ཁུལ་ནཱ་རོ་པའི་དགོན་པ་དང་། སྒྲུབ་ཁང་། ན་བཟའ་སོགས་དགོན་པ་ཁག་ལ་མཇལ་རྒྱུ་ཡོད། མཐར་ལྕགས་འབྲུག་༡༠༤༠ ལོར་མཁའ་སྤྱོད་དུ་གཤེགས་སོ།།,
ཨ་ཐོ,བྱིས་པས་ཨ་ཐོ་༼་མེ་ཏོག་༽་འཐུ་བ་ལྟར

Source: 'Jig-rten-mgon-po Bka'-'bum IV 476.2.,['BwmEvCb5Pb8SoMayLqWS']
འབྲི་གུང་ཀྱུ་རའི་གདུང་,འབྲི་གུང་ཀྱུ་རའི་གདུང་ནི་དུས་རབས་བདུན་པའི་ནང་། བོད་ཤར་ཕྱོགས་རྨ་ཆེན་སྤོམ་རའི་ཉེ་སར་བོད་མིའུ་གདུང་དྲུག་ལས་བཙན་པོ་འགྲུ་འམ། འབྲུ་ཞེས་པར་བུ་བདུམ་ཡོད་པར་ཕའི་གོས་རིན་ཐང་ཅན་ཞིག་སྦྲ་གུར་གྱི་འཕྱོ་ཐག་སྟེང་དུ་བཀལ་ནས་ཡོད་པར་གློ་བུར་དུ་རླུང་བུ་ཞིག་གིས་དེ་མཚོ་ནང་དུ་འཁུར། དེར་བུ་བདུན་པོས་གཅིག་ལའི་གཅིག་འཁྱུད་ཀྱིས་ལག་བཏང་བྱས་ནས་ལེན་པར་བརྩམས་པ་ན་ལེན་མ་ཐུབ་པར་བུ་བདུན་པོ་མཚོ་ནང་དུ་བྱིངས་ནས་འདས་། དེར་ཕ་རྒན་ལ་སླར་རོང་བཟའ་བླངས་པར་ཉིན་མོར་སྐྱེས་པའི་བུ་མིང་ལ་འགྲུ་ཉི་མ་དཀར་པོ་དང་། མཚན་མོར་སྐྱེས་པའི་བུ་མིང་ལ་འགྲུ་ཉི་མ་ནག་པོ། ས་རུབ་མ་མཚམས་སུ་སྐྱེས་པའི་བུ་མིང་ལ་འགྲུ་ཉི་མ་ཁྲ་བོ་ཞེས་མིང་བཏགས་སོ། ཉིན་ཞིག་འགྲུ་ཉི་མ་དཀར་པོ་དེ་གངས་རི་རྨ་ཆེན་སྤོམ་རའི་་ཉེ་འདབས་ཀྱི་མཚེའུའི་འགྲམ་དུ་སླེབས་སྐབས། ནམ་མཁའ་ནས་བྱ་རྒོད་མང་པོ་ཞིག་འཕུར་ནས་བྱུང་བར་དེར་ཡིབས་ནས་བསྡད། དེ་དག་གིས་བྱ་རྒོད་ཀྱི་སླུབས་བུ་དག་ཕུད་པ་དང་ལྷའི་བུ་མོ་མཛེས་སྡུག་ལྡན་པ་དག་འཁྲུད་ཀྱི་རྫིང་བུར་བཔཞུགས། དེར་སླུབས་བུ་གཅིག་རྐུས་ནས་ཉར་བར་ལྷའི་བུ་མོ་གཅིག་དེར་ལུས། དེ་དང་འཇིག་རྟེན་གྱི་མཐུན་འཇུག་བྱས་པར། ལྷའི་བུ་མོ་དེས་ཟླ་དགུ་ནས་ཁྱོད་ཀྱིས་བུ་ལོངས་ལ་ངས་ནམ་མཁའ་ནས་མར་སྐྱུར་ཡོང་ཟེར་ནས་འཕུར་སོང་། དེ་ནས་ཟླ་དགུ་ངོ་བཅུ་ལ་ནམ་མཁའ་ནས་སྒྲ་བྱུང་། རྒྱལ་ཆེན་རིགས་བཞི་བྱུང་ནས་འཕྱར་བའི་ལྡིང་ང་བཟུང་། ཟུར་ཡ་གཅིག་ཕ་འབྲུ་ཉི་མ་དཀར་པོས་བཟུང་དགོས་པ་ཨུ་ཚུགས་བྱས། དེར་ནམ་མཁའ་ནས་ལྷ་རྫས་དུ་མ་དང་ནཉམ་དུ་བུ་ནམ་མཁའ་ནས་བསྐྱུར་བར་ཀྱུ་ར་ཞེས་པའི་ལྷའི་གདུང་བརྒྱུད་དེ་བྱུང་། འབྲུ་ཉི་མ་དཀར་པོས་འཕྱར་བའི་ཟུར་ཡ་གཅིག་བཟུང་བ་མ་ཐེག་པར་ལྡིང་གྲུ་ལག་ནས་ཤོར་བས་བུའི་ལྟག་པ་ས་ལ་ཅུང་བརྡབས་ནས་ལེབ་མོར་གྱུར་པ་ལ་ཀྱུ་ར་ལྟག་ལེབ་པ་ཞེས་གྲགས་པ་བྱུང་ངོ་།།,
ཅིག་གུ་(ཞིག་གུ་སོགས),"calls this a 'doubt particle' when added to final verbs. Beyer says this is used only in the translation literature

Source:  and the same function is served by verbal suffix ""na.""  “གཉིས་མེད་གཅིག་ཏུ་འགྱུར་ཞིག་གུ”""'Jig-rten-mgon-po Bka'-'bum (2001) IV 348.2."
,['tVYw86ibgMf6zbjh9ean']
ཆབ་ཚ,“ཆབ་ཚ་རྩེ་མོ་ཞོ་གང་འབུལ་ཞིང་མཆིས”   “འབྲས་དང་ཆབ་ཚའི་བསྙེན་བཀུར་མཛད”

Source: ". 'Jig-rten-mgon-po Bka'-'bum (2001) IV 524.5  'Jig-rten-mgon-po Bka'-'bum (2001) IV 530.3."
,['tVYw86ibgMf6zbjh9ean']
ཅི་ག,ཅི་ག་བདག་གི་སྡུག་པ་ཨུཏཔལ་ལྟ་བུའི་མིག

Source: " 'Jig-rten-mgon-po Bka'-'bum (2001) V 298.2."
,['tVYw86ibgMf6zbjh9ean']
བསེན་མོ,Nasty spirits that emerge when you view your teacher as having lust

Source: "'Jig-rten-mgon-po Bka'-'bum (2001) IV 454.5."
,['tVYw86ibgMf6zbjh9ean']
བྱུར་བུ,“སྟོང་གསུམ་གྱི་སྟོང་ཆེན་པོ་རིན་པོ་ཆེས་བྱུར་བུར་བཀང་ནས”

Source: "'Jig-rten-mgon-po Bka'-'bum (2001) X 126.5."
,['tVYw86ibgMf6zbjh9ean']
ཨག་ཙེ,“དེ་ལ་ཁོས་སྤྱན་སྔ་ན་ཨག་ཙེར་བྱེད་ནས”

Source:  'Jig-rten-mgon-po Bka'-'bum (2001) V 420.5.,['BwmEvCb5Pb8SoMayLqWS']
བྷ་བྷ་ཤུ་ཤུ,“ཁ་དབུགས་སྣ་དབུགས་དང་།་བྷ་བྷ་ཤུ་ཤུ་ལ་མི་བྱེད” 

Source: 'Jig-rten-mgon-po Bka'-'bum (2001) V 480.4.,['BwmEvCb5Pb8SoMayLqWS']
བསོད་པ,བཟང་པོ། ལེགས་པ། “ཡོན་བདག་གིས་ཁ་ཟས་བསོད་པ་༼ཞིམ་པོ་༽་ཕུན་སུམ་ཚོགས་པ་བྲིམས་པ”

Source: ". 'Jig-rten-mgon-po Bka'-'bum (2001) VI 184.2."
,['tVYw86ibgMf6zbjh9ean']
འོག་རྟ,“ང་འོག་རྟ་མི་བྱེད་ཆུང་མ་ནི་མི་བྱེད་ཟ་ནི་མི་ཟ”

Source: 'Jig-rten-mgon-po Bka'-'bum (2001) VI 127.3. 

See under ang rag.
,['BwmEvCb5Pb8SoMayLqWS']
བུས་པ,བྱིས་པའི་དོན། “ཁུ་ཚུར་སྟོང་པ་བུས་པ་བྲིད་པ་ལྟ་བུས”

Source: "'Jig-rten-mgon-po Bka'-'bum (2001) VI 39.1."
,['tVYw86ibgMf6zbjh9ean']
ཤུག་གསེབ་བཀའ་བརྒྱུད་,ཤུག་གསེབ་བཀའ་བརྒྱུད་ནི་གྱེར་གོམ་ཚུལ་ཁྲིམས་སེང་གེ་ནི། ཤིང་བྱི་སྤྱི་ལོ་ ༡༡༤༤ ལོ སྐུ་བལྟམས། དགུང་གྲངས་བཅུ་དགུར་ཕག་གྲའི་ཞབས་ལ་གཏུགས། སོ་བརྒྱད་པ་ལྕགས་གླང་སྤྱི་ལོ་ ༡༡༨༡ ལོར་ཤུག་གསེབ་དགོན་པ་ཕྱག་བཏབ་པ་ནས་བཟུང་ཤུག་གསེབ་བཀའ་བརྒྱུད་ཅེས་གྲགས། དགུང་གྲངས་རེ་གཅིག་པ་ཤིང་བྱི་སྤྱི་ལོ་ ༡༢༠༤ ལོར་དགོངས་པ་ཆོས་དབྱིངས་སུ་ཐིམས་སོ།།,
འབྲི་གུང་བཀའ་བརྒྱུད་,འབྲི་གུང་བཀའ་བརྒྱུད་ནི་ཕག་གྲུའི་དངོས་སློབ་འབྲི་གུང་པ་༧སྐྱོབ་པ་འཇིག་རྟེན་མགོན་པོ་( ༡༡༤༣-༡༢༡༧ ) དེ་ཉིད་ཀྱིས་སྤྱི་ལོ་ 1179 ལོར་འབྲི་གུང་ཐེལ་གྱི་རི་ལྡེབས་སུ་དགོན་གནས་ཐོག་མ་བྱང་ཆུབ་གླིང་ཕྱག་བཏབ་པ་ནས་བཟུང་འབྲི་གུང་བཀའ་བརྒྱུད་ཅེས་མིང་གྲགས་སོ།།,[]
བཀའ་བརྒྱུད་ཆེ་བཞི་,འཇམ་མགོན་ཀོང་སྤྲུལ་ཡོན་ཏན་རྒྱ་མཚོའི་ཆོས་འབྱུང་ལས། རྒྱལ་བས་ལུང་བསྟན་དགེ་སློང་འཚོ་བྱེད་སྲས། །འབའ་རོམ་ཕག་གྲུ་ཀཾ་ཚང་ཚལ་པ་སྟེ། །ཆེ་བཞི་རྩ་བའི་བརྒྱུད་འཛིན་བཅས་ཏེ་ལྔ་། །ཞེས་ གསུངས་པ་ལྟར། འབའ་རོམ་དར་མ་དབང་ཕྱུག་ལས་འབའ་རོམ་བཀའ་བརྒྱུད་དང་། ཕག་གྲུ་རྡོ་རྗེ་རྒྱལ་པོ་ལས་ཕག་གྲུ་བཀའ་བརྒྱུད། ཀརྨ་པ་དུས་གསུམ་མཁྱེན་པ་ལས་ཀརྨ་བཀའ་བརྒྱུད། ཞང་ཚལ་པ་འགྲོ་བའི་མགོན་པོ་ལས་ཚལ་པ་བཀའ་བརྒྱུད་བཅས་ཆེ་བཞི་དང་། རྩ་བའི་བརྒྱུད་འཛིན་ནི་དྭགས་པོ་རང་གི་གདན་ས་དབོན་སྒོམ་ཚུལ་ཁྲིམས་སྙིང་པོ་སོགས་ནས་བརྒྱུད་པ་ལའོ།།,[]
འོར་ཆེ་བ,“གཞན་ཕན་གྱི་དཀྱུས་ཐོག་མ་བཅད་ན་༎་ཁྲོམ་ལྷ་མིའི་འོར་ཆེ་མི་འབྱུང་བས”

Source: 'Jig-rten-mgon-po Bka'-'bum (2001) X 96.5.,['BwmEvCb5Pb8SoMayLqWS']
འགའ་གྲི,“ཕྱག་ཤན་རྒྱལ་པོ་མེ་ཉག་འགའ་གྲི་དང”

Source: 'Jig-rten-mgon-po Bka'-'bum (2001) IV 523.5,['BwmEvCb5Pb8SoMayLqWS']
ཆབ་ཚ་ཟི་པོ,“ཆབ་ཚ་ཟི་པོ་ལ་སྲང་ལྔ་དང་ཐུད་ལེགས་པ་དུ་མ་ཞིག་བསྐུར་ནས་མཆིས”

Source: ". 'Jig-rten-mgon-po Bka'-'bum (2001) IV 191.1."
,['tVYw86ibgMf6zbjh9ean']
འབྲི་ཁུང་,འབྲི་ཁུང་ནི་འབྲི་གུང་རྨམ་པ་ཆུས་ཡོད་སའི་ད་ཡོད་འབྲི་གུང་གདན་ས་ཐེལ་གྱི་དགོན་པ་ཡོད་ས་དེར། དགོན་གནས་ཐོག་མར་ཕྱག་བཏབ་པ་པོ་འབྲི་གུང་༧སྐྱོབ་པ་འཇིག་རྟེན་མགོན་པོ་དེ་ཉིད་ཀྱིས། དེ་ཁུལ་རི་ལྡེབས་སུ་དགོན་གནས་བཏབ་སའི་གནས་འཚོལ་བར་ཕེབས་སྐབས། ཡར་ཕྱོགས་སུ་འབྲི་ཞིག་འགྲོ་བཞིན་པར་དེའི་རྗེས་སུ་བསྙེགས་ནས་ཕེབས། འབྲི་དེས་ཡར་སྟེང་ས་ཐེལ་ཐེལ་ཡོདསའི་་སྟེང་གི་གད་པ་ཡོད་སར་ལུས་པོ་དྲུད་དྲུད་བྱེད་པ་དང་། རྭ་རྩེས་གད་པ་རྔོག་པར་བྱས་པ་ན།༧སྐྱོབ་པའི་དགོངས་པར་འབྲི་དེས་དགོན་གནས་འདེབས་སའི་ས་ཁུང་བསྟེན་པ་འདྲ། དེ་བླ་མའི་སྤྱུལ་པ་ཡིན་ངེས་དགོངས་ནས་དེར་དགོན་པ་ཐོག་མར་ཕྱག་བཏབ་པར་མཛད་པས། འབྲི་ཁུང་དགོན་པ་ཞེས་པའི་མིང་ཐོག་མ་ཆགས། དུས་ཕྱིས་བོད་ཡིག་ནང་འབྲི་གུང་ཞེས་དང་། དབྱིན་ཡིག་ནང་དུ་འབྲི་ཁུང་ཞེས་པའི་སྒྲ་གདངས་སུ་བྲིས་ཡོད།,
ཅོ་དོ,རྩེ་མོ། སྐྲ། “སང་ཁ་ཆགས་སྣ་རལ་སྤྲང་མོ་ཡིས་༎་ཅོ་དོ་༼་སྐྲ་༽་ནས་བཟུང་འདྲུད་ཙམ་ན་༎་དེ་ཡང་བཀུར་སྟི་ཆེན་པོ་ཡིན”

Source: "'Jig-rten-mgon-po Bka'-'bum (2001) IV 403.3."
,['tVYw86ibgMf6zbjh9ean']
དྭགས་པོ་བཀའ་བརྒྱུད་,དྭགས་པོ་བཀའ་བརྒྱུད་ནི། སྒམ་པོ་པ་བསོད་ནམས་རིན་ཆེན་དེ་ཉིད་བོད་དབུས་གཙང་ལྷོ་ཁ་དྭགས་པོའི་ཁུལ་དུ་ཡབ་སྙི་བ་རྒྱལ་པོ་དང་། ཡུམ་ཤེས་རབ་ཚེ་ལྕམ་གཉིས་སུ་ས་ལུག་ ༡༡༠༩ ལོར་སྐུ་བལྟམས། གསོ་རིག་པ་ལ་མཁས་པར་སྦྱང་པས་དྭགས་པོ་ལྷ་རྗེ་ཞེས་ཡོངས་སུ་གྲགས། དགུང་གྲངས་ཉེར་གཅིག་ལ་ཁྱིམ་ཐབས་་མཛད། ཉེར་ལྔར་བཙུན་མོ་འདས་པས་ངེས་འབྱུང་གིས་རབ་ཏུ་བྱུང་། བཀའ་དམ་པའི་བླ་མ་ཁག་བསྟེན་ནས་འདུལ་བ་དང་། ཤེར་ཕྱིན། སྤྱོད་འཇུག །ལམ་རིམ་ས྄ོགས་གསན། དགུང་གྲངས་སོ་གཅིག་ལ་རྗེ་བཙུན་མི་ལ་དང་མཇལ་ནས་བརྒྱུད་འཛིན་གྱི་སློབ་མར་གྱུརནས་བཀའ་ཕྱག་ཆུ་བོ་གཉིས་འགྲེས་ཀྱི་བརྒྱུད་པ་དེ་བྱུང་། དགུང་གྲངས་ཞེ་གསུམ་པ་སྤྱི་ལོ་༡༡༢༡ ལོར་དྭགས་ལྷ་སྒམ་པོའི་རི་རྩེར་དགོན་གནས་ཕྱག་བཏབ་པ་ནས་དྭགས་པོ་བཀའ་བརྒྱུད་ཅེས་ཡོངས་སུ་གྲགས་བྱུང་། མཚན་གྱི་རྣམ་གྲངས་ཡང་། གནས་ཀྱི་མིང་ནས་ཐོགས་པའི་སྒམ་པོ་པ་དང་། ཡུལ་དང་སྨན་པའི་མཚན་ནས་གྲགས་པ་དྭགས་པོ་ལྷ་རྗེ་ཞེས་ཡོངས་གྲགས། མཐར་དགུང་གྲངས་ ༧༥ པ་།ཆུ་བྱ་སྤྱི་ལོ་ ༡༡༥༣ ལོའི་དབྱར་ཟླ་མཐའ་ཆུང་ ༦ ཚེས་༡༥ ལ་དགོངས་པ་ཆོས་དབྱིངས་སུ་ཐིམས་སོ།། ,[]
ཆགས་བུ,“ཁུངས་ནས་བྱུང་བའི་ཆགས་བུ་གསོལ་བར་ཞུ”

Source: "'Jig-rten-mgon-po Bka'-'bum (2001) IV 524.1."
,['tVYw86ibgMf6zbjh9ean']
ཚལ་པ་བཀའ་བརྒྱུད་,ཞང་གཡུ་བྲག་ཚལ་པ་བརྩོན་འགྲུས་གྲགས་པ་ནི། ལྷ་ས་སྐྱིད་ཤོད་ཚ་བ་གྲུ་སྣར། སྣ་ནམ་ཞང་གི་རིགས་ལས་ཡབ་རྡོ་རྗེ་སེམས་དཔའ་དང་། ཡུམ་ཤུད་མོ་བཟའ་མང་སྐྱིད་གཉིས་སུ་ཆུ་ཡོས་སྤྱི་ལོ་ ༡༡༢༣ ལོར་སྐུ་བལྟམས། སོ་གསུམ་ལ་དབོན་སྒོམ་ཚུལ་ཁྲིམས་སྙིང་པོའི་ཞབས་ལ་གཏུགས། ང་གསུམ་ལ་ལྷ་སའི་ཤར་ཕྱོགས་ཀུ་རུ་ཟམ་པ་དོན་ནས་ཚལ་གུང་ཐང་ཞེས་པའི་སར་ཤིང་ལུག་སྤྱི་ལོ་1175 ལོར་དགོན་པ་ཕྱག་བཏབ་ནས་ཚལ་པ་བཀའ་བརྒྱུད་ཅེས་གྲགས་པ་བྱུང་། དགུང་གྲངས་དོན་གཉིས་པ་ཆུ་གླང་སྤྱི་ལོ་ ༡༡༩༣ ལོར་ཞིང་ལ་གཤེགས་སོ།། ,
ཨ་ཛི,“ཀྭ་ཨ་མ་ཨ་ཛི་ང་རེ་འཇིགས”

Source: 'Jig-rten-mgon-po Bka'-'bum (2001) IV 114.5.,['BwmEvCb5Pb8SoMayLqWS']
བཀའ་བབ་བཞི་,བཀའ་བབ་བཞི་ནི། ༡༽ རྡོ་རྗེ་འཆང་ནས་ཨིནྡྲ་བྷུ་ཏི། ཀླུ་ལས་གྱུར་པའི་རྣལ་འབྱོར་མ། ས་བདག་བྷི་སུ་ཀལྤ། ས་ར་ཧ། ཀླུ་སྒྲུབ། མ་ཏངྐི་ལས་ཕ་རྒྱུད་གསང་བ་འདུས་པ་དང་། རྫོགས་རིམ་རིམ་ལྔ་། གདན་བཞིའི་རྒྱུད་མན་ངག་དང་བཅས་པ། སྒྱུ་ལུས་དང་། འཕོ་བ། གྲོང་འཇུག་གི་བཀའ་བབས་སོ། ༢༽ རྡོ་རྗེ་འཆང་ནས་ཡེ་ཤེས་ཀྱི་མཁའ་འགྲོ་མ། ཀུ་ཀྐུ་རི་པ། ཙརྱ་པ། སྒྱུ་འཕྲུལ་ཆེན་མོའི་རྫོགས་རིམ་སོགས་སྒྱུ་ལུས་ཀྱི་བཀའ་བབས་སོ། ༣༽ རྡོ་རྗེ་འཆང་ནས་ཕྱག་ན་རྡོ་རྗེ། ཌོམྦྷི་ཧེ་རུ་ཀ། བི་ནཱ ས་བཛྲ། ལྭ་བ་པ། འོད་གསལ་གཙོ་བོར་གྱུར་པའི་རྫོགས་རིམ་བསྲེ་འཕོའི་བཀའ་བབས་སོ། ༤༽ རྡོ་རྗེ་འཆང་ནས་ཕྱག་ན་རྡོ་རྗེ། སློབ་དཔོན་ཡན་ལག་མེད་པའི་རྡོ་རྗེ། པདྨ་བཛྲ། མཁའ་འགྲོ་མ་སྐལ་པ་བཟང་མོ་ལས་དགྱེས་རྡོར་གྱི་རྩ་རྒྱུད་དང་བཤད་རྒྱུད། དེ་ལ་བརྟེན་པའི་གཏུམ་མོ་སོགས་ནཱ་རོ་ཆོས་དྲུག་གི་བཀའ་བབས་བཅས་སོ།།,
བཞར་བ,མཐུད་པའམ་སྲབ་པ། “སྤྲང་ཕྲུག་ཤིག་སྲོ་བཞར་བས་སྐུ་གསུམ་གྱི་རྟེན་དེ་ལྟ་བུ་འབྱུང་བར་འདུག་པས”

Source: "'Jig-rten-mgon-po Bka'-'bum (2001) VI 229.3."
,['tVYw86ibgMf6zbjh9ean']
བིང་ཀ་ར,“ཕྱག་དང་པོ་གཉིས་ན་རྡོ་རྗེ་དང་རིལ་བ་བིང་ཀ་ར་བསྣམས་པ”

Source: 'Jig-rten-mgon-po Bka'-'bum (2001) V 368.2.,['BwmEvCb5Pb8SoMayLqWS']
བདག་མེད་བཞི་ལྡན,

Source: 'Jig-rten-mgon-po Bka'-'bum (2001) IV 364.1.,['BwmEvCb5Pb8SoMayLqWS']
མར་པ་ལོ་ཙཱ་,མར་པ་ལོ་ཙཱ་ནི། <རྔོག་གཞུང་པ་ཡབ་སྲས་ཀྱི་རྣམ་ཐར་>ལས། མར་པ་ལོ་ཙཱའིཁྲུངས་ཡུལ་ལྷོ་བྲག་ཡིན་ཞིང་། གདུང་རུས་མར་པ་ཡིན། མར་ཅེས་པ་ཡུལ་མིང་སྟེ། མར་ལུང་ཞེས་པར་མར་པའི་ེམེས་པོ་མར་པ་ཤ་རུ་རྩེ་བྱ་བ་བྱུང་ནས་དེའི་གདུང་བརྒྱུད་དུ་བྱུང་། མར་པའི་ཡབ་དབང་ཕྱུག་འོད་ཟེར་དང་། ཡུམ་རྒྱ་མོ་བློ་ལྕམ་གཉིས་སུ་་ཆུ་བྱི་སྤྱི་ལོ་ ༡༠༡༢ ལོར་སྲས་ལྔ་བྱུ་བ་ལས་མར་པ་སྲས་གསུམ་པར་འཁྲུངས། ཆུང་དུས་་མི་གཤིས་རྩུབ་པས་ཡབ་ཡུམ་ཚོས་འཛིངས་འཁྲུགས་གྱོད་གཞི་ཡོང་དོག་གིས་འབྲོག་མི་ལོ་ཙཱ་ཤཱཀྱ་ཡེ་ཤེས་ཀྱི་རྩར་བཏང་ནས་ཆོས་ལ་སྦྱར། དེར་ཀྱེའི་རྡོ་རྗེའི་སྒྲུབ་ཐབ་ཆུང་ངུ་རེ་ཞུ་བ་ལ་འབྲི་མོ་རེ་དགོས་པ་སོགས། ཐུགས་དགོངས་ལ་འདིར་དཀའ་ལས་འདི་ཙམ་བྱེད་པ་བས། རང་ཉིད་ལྷོ་བལ་གྱི་ཕྱོགས་སུ་འགྲོ་ནས་ཆོས་ཞུ་བ་དྲག་དགོངས་ནས། དངོས་པོ་རྣམས་གསེར་དུ་དྲིལ་ནས། བལ་པོར་བྱོན་པས་བལ་པོ་སྤྱི་ཐེར་བ་ལས་གདན་བཞི་ལ་སོགས་པའི་ཆོས་སྐོར་མང་དུ་ཞུས་ནས། དེར་ལོ་གསུམ་བཞུགས། དེ་ནས་རྒྱ་གར་དུ་བྱོན་པས། ཱབི་ཀྲ་མ་ལ་ཤི་ལའི་གཙུག་ལག་ཁང་དུ་དཔལ་ལྡན་ནཱ་རོ་པའི་ཞབས་ལ་གཏུགས། རྒྱ་གར་དུ་ཐེངས་གསུམ་བྱོན་ཏེ། ཕ་རྒྱུད་དང་མ་རྒྱུད་ཀྱི་དབང་དང་སྒྲུབ་ཐབས། རྩ་རྒྱུད་དང་བཤད་རྒྱུད་བཅུ་ཕྲག་དག་ལོ་བཅུ་གཉིས་ཀྱི་བར་དུ་གསན་ཞིང་བཞུགས། ཁྱད་པར་དུ་དཔལ་ནཱ་རོ་པ་ལོ་དྲུག་ཟླ་བ་བདུན་གྱི་བར་དུ་སྐད་ཅིག་ཀྱང་མི་འབྲལ་བར་བཞུགས། སློབ་མ་གཙོ་བོ་ཀ་ཆེན་བཞི་སོགས་སྨིན་གྲོལ་དུ་བཀོད་དེ། དགུང་གྲངས་ཉེར་དགུ་པ་ ༡༠༤༠ ལོར་ལྷོ་གྲོ་བོ་ལུང་གི་དགོན་པ་ཕྱག་བཏབ་ནས་མར་པ་བཀའ་བརྒྱུད་ཅེས་བཀའ་བརྒྱུད་ཡོངས་ཀྱི་མེས་པོ་དམ་པར་གྱུར། དགུང་གྲངས་ ༨༦ པ་མེ་གླང་ ༡༠༩༧ ལོ་དགོངས་པ་ཆོས་དབྱིངས་སུ་ཐིམས་སོ།།
,
བ་ཐག,“བ་ཐག་རྡོག་པའམ”

Source: . 'Jig-rten-mgon-po Bka'-'bum (2001) VI 62.5.,['BwmEvCb5Pb8SoMayLqWS']
བག་པུག,བྲན་ཕུག་གི་དོན།
“བག་པུག་འདྲ་བར་བསྡད་པ་དེས”

Source: 'Jig-rten-mgon-po Bka'-'bum (2001) IV 313.5.,['BwmEvCb5Pb8SoMayLqWS']
